team_logo,team,opponent_logo,opponent,opponent_name,date,opta_rating,score,location,match_report,report,note,video,video_up,manager,manager_up
,ipswich,,Southend,Southend,Jul 11,,2-0 W,Ipswich,https://www.twtd.co.uk/ipswich-town-news/52331/town-win-behind-closed-doors-friendly,📝,"BCD, 2x30mins",,❌,,❌
,ipswich,,Cambridge United,Cambridge United,Jul 17,,2-2,Ipswich,,❌,BCD,,❌,,❌
,ipswich,,FC Cartagena,FC Cartagena,Jul 25,,,Spain,,,BCD,,,,
,ipswich,,Osasuna,Osasuna,Jul 29,,,Colchester,,,,,,,
,ipswich,,Oxford United,Oxford United,Aug 01,,,Oxford,,,split XI double header,,,,
,ipswich,,Wycombe Wanderers,Wycombe Wanderers,Aug 01,,,Wycombe,,,split XI double header,,,,
,ipswich,,Le Havre,Le Havre,Aug 04,,,Ipswich,,,,,,,
,ipswich,,Rayo Vallecano,Rayo Vallecano,Aug 08,,,Ipswich,,,,,,,
,ipswich,,Union Berlin,Union Berlin,Aug 15,,,Berlin,,,,,,,
